paragraph,punctuation,cluster
— 1 —,—  —,10
中华人民共和国数据安全法,,0
（2021 年 6 月 10 日第十三届全国人民代表大会常,（     ,3
务委员会第二十九次会议通过）,）,3
目,,6
录,,6
第一章,,6
总则,,6
第二章,,6
数据安全与发展,,0
第三章,,6
数据安全制度,,6
第四章,,6
数据安全保护义务,,6
第五章,,6
政务数据安全与开放,,0
第六章,,6
法律责任,,6
第七章,,6
附则,,6
第一章,,6
总则,,6
第一条,,6
为了规范数据处理活动，保障数据安全，促进数,，，,11
据开发利用，保护个人、组织的合法权益，维护国家主权、,，、，、,8
安全和发展利益，制定本法。,，。,8
第二条,,6
在中华人民共和国境内开展数据处理活动及其,,0
安全监管，适用本法。,，。,8
— 2 —,—  —,10
在中华人民共和国境外开展数据处理活动，损害中华人民,，,5
共和国国家安全、公共利益或者公民、组织合法权益的，依,、、，,2
法追究法律责任。,。,1
第三条,,6
本法所称数据，是指任何以电子或者其他方式对,，,5
信息的记录。,。,1
数据处理，包括数据的收集、存储、使用、加工、传输、,，、、、、、,8
提供、公开等。,、。,2
数据安全，是指通过采取必要措施，确保数据处于有效保,，，,11
护和合法利用的状态，以及具备保障持续安全状态的能力。,，。,8
第四条,,6
维护数据安全，应当坚持总体国家安全观，建立,，，,11
健全数据安全治理体系，提高数据安全保障能力。,，。,8
第五条,,6
中央国家安全领导机构负责国家数据安全工作,,0
的决策和议事协调，研究制定、指导实施国家数据安全战略,，、,8
和有关重大方针政策，统筹协调国家数据安全的重大事项和,，,5
重要工作，建立国家数据安全工作协调机制。,，。,8
第六条,,6
各地区、各部门对本地区、本部门工作中收集和,、、,7
产生的数据及数据安全负责。,。,1
工业、电信、交通、金融、自然资源、卫生健康、教育、,、、、、、、、,7
科技等主管部门承担本行业、本领域数据安全监管职责。,、。,2
公安机关、国家安全机关等依照本法和有关法律、行政法,、、,7
规的规定，在各自职责范围内承担数据安全监管职责。,，。,8
— 3 —,—  —,10
国家网信部门依照本法和有关法律、行政法规的规定，负,、，,2
责统筹协调网络数据安全和相关监管工作。,。,1
第七条,,6
国家保护个人、组织与数据有关的权益，鼓励数,、，,2
据依法合理有效利用，保障数据依法有序自由流动，促进以,，，,11
数据为关键要素的数字经济发展。,。,1
第八条,,6
开展数据处理活动，应当遵守法律、法规，尊重,，、，,2
社会公德和伦理，遵守商业道德和职业道德，诚实守信，履,，，，,5
行数据安全保护义务，承担社会责任，不得危害国家安全、,，，、,8
公共利益，不得损害个人、组织的合法权益。,，、。,2
第九条,,6
国家支持开展数据安全知识宣传普及，提高全社,，,5
会的数据安全保护意识和水平，推动有关部门、行业组织、,，、、,7
科研机构、企业、个人等共同参与数据安全保护工作，形成,、、，,2
全社会共同维护数据安全和促进发展的良好环境。,。,1
第十条,,6
相关行业组织按照章程，依法制定数据安全行为,，,5
规范和团体标准，加强行业自律，指导会员加强数据安全保,，，,11
护，提高数据安全保护水平，促进行业健康发展。,，，。,8
第十一条,,6
国家积极开展数据安全治理、数据开发利用等,、,4
领域的国际交流与合作，参与数据安全相关国际规则和标准,，,5
的制定，促进数据跨境安全、自由流动。,，、。,2
第十二条,,6
任何个人、组织都有权对违反本法规定的行为,、,4
向有关主管部门投诉、举报。收到投诉、举报的部门应当及,、。、,7
时依法处理。,。,1
— 4 —,—  —,10
有关主管部门应当对投诉、举报人的相关信息予以保密，,、，,2
保护投诉、举报人的合法权益。,、。,2
第二章,,6
数据安全与发展,,0
第十三条,,6
国家统筹发展和安全，坚持以数据开发利用和,，,5
产业发展促进数据安全，以数据安全保障数据开发利用和产,，,5
业发展。,。,1
第十四条,,6
国家实施大数据战略，推进数据基础设施建,，,5
设，鼓励和支持数据在各行业、各领域的创新应用。,，、。,2
省级以上人民政府应当将数字经济发展纳入本级国民经,,0
济和社会发展规划，并根据需要制定数字经济发展规划。,，。,8
第十五条,,6
国家支持开发利用数据提升公共服务的智能,,0
化水平。提供智能化公共服务，应当充分考虑老年人、残疾,。，、,8
人的需求，避免对老年人、残疾人的日常生活造成障碍。,，、。,2
第十六条,,6
国家支持数据开发利用和数据安全技术研究，,，,5
鼓励数据开发利用和数据安全等领域的技术推广和商业创,,0
新，培育、发展数据开发利用和数据安全产品、产业体系。,，、、。,2
第十七条,,6
国家推进数据开发利用技术和数据安全标准,,0
体系建设。国务院标准化行政主管部门和国务院有关部门根,。,1
据各自的职责，组织制定并适时修订有关数据开发利用技,，,5
— 5 —,—  —,10
术、产品和数据安全相关标准。国家支持企业、社会团体和,、。、,7
教育、科研机构等参与标准制定。,、。,2
第十八条,,6
国家促进数据安全检测评估、认证等服务的发,、,4
展，支持数据安全检测评估、认证等专业机构依法开展服务,，、,8
活动。,。,1
国家支持有关部门、行业组织、企业、教育和科研机构、,、、、、,7
有关专业机构等在数据安全风险评估、防范、处置等方面开,、、,7
展协作。,。,1
第十九条,,6
国家建立健全数据交易管理制度，规范数据交,，,5
易行为，培育数据交易市场。,，。,8
第二十条,,6
国家支持教育、科研机构和企业等开展数据开,、,4
发利用技术和数据安全相关教育和培训，采取多种方式培养,，,5
数据开发利用技术和数据安全专业人才，促进人才交流。,，。,8
第三章,,6
数据安全制度,,6
第二十一条,,6
国家建立数据分类分级保护制度，根据数据,，,5
在经济社会发展中的重要程度，以及一旦遭到篡改、破坏、,，、、,7
泄露或者非法获取、非法利用，对国家安全、公共利益或者,、，、,7
个人、组织合法权益造成的危害程度，对数据实行分类分级,、，,2
保护。国家数据安全工作协调机制统筹协调有关部门制定重,。,1
要数据目录，加强对重要数据的保护。,，。,8
— 6 —,—  —,10
关系国家安全、国民经济命脉、重要民生、重大公共利益,、、、,7
等数据属于国家核心数据，实行更加严格的管理制度。,，。,8
各地区、各部门应当按照数据分类分级保护制度，确定本,、，,2
地区、本部门以及相关行业、领域的重要数据具体目录，对,、、，,2
列入目录的数据进行重点保护。,。,1
第二十二条,,6
国家建立集中统一、高效权威的数据安全风,、,4
险评估、报告、信息共享、监测预警机制。国家数据安全工,、、、。,2
作协调机制统筹协调有关部门加强数据安全风险信息的获,,0
取、分析、研判、预警工作。,、、、。,2
第二十三条,,6
国家建立数据安全应急处置机制。发生数据,。,1
安全事件，有关主管部门应当依法启动应急预案，采取相应,，，,11
的应急处置措施，防止危害扩大，消除安全隐患，并及时向,，，，,11
社会发布与公众有关的警示信息。,。,1
第二十四条,,6
国家建立数据安全审查制度，对影响或者可,，,5
能影响国家安全的数据处理活动进行国家安全审查。,。,1
依法作出的安全审查决定为最终决定。,。,1
第二十五条,,6
国家对与维护国家安全和利益、履行国际义,、,4
务相关的属于管制物项的数据依法实施出口管制。,。,1
第二十六条,,6
任何国家或者地区在与数据和数据开发利,,0
用技术等有关的投资、贸易等方面对中华人民共和国采取歧,、,4
视性的禁止、限制或者其他类似措施的，中华人民共和国可,、，,2
以根据实际情况对该国家或者地区对等采取措施。,。,1
— 7 —,—  —,10
第四章,,6
数据安全保护义务,,6
第二十七条,,6
开展数据处理活动应当依照法律、法规的规,、,4
定，建立健全全流程数据安全管理制度，组织开展数据安全,，，,11
教育培训，采取相应的技术措施和其他必要措施，保障数据,，，,11
安全。利用互联网等信息网络开展数据处理活动，应当在网,。，,3
络安全等级保护制度的基础上，履行上述数据安全保护义,，,5
务。,。,1
重要数据的处理者应当明确数据安全负责人和管理机构，,，,5
落实数据安全保护责任。,。,1
第二十八条,,6
开展数据处理活动以及研究开发数据新技,,0
术，应当有利于促进经济社会发展，增进人民福祉，符合社,，，，,5
会公德和伦理。,。,1
第二十九条,,6
开展数据处理活动应当加强风险监测，发现,，,5
数据安全缺陷、漏洞等风险时，应当立即采取补救措施；发,、，；,2
生数据安全事件时，应当立即采取处置措施，按照规定及时,，，,11
告知用户并向有关主管部门报告。,。,1
第三十条,,6
重要数据的处理者应当按照规定对其数据处,,0
理活动定期开展风险评估，并向有关主管部门报送风险评估,，,5
报告。,。,1
— 8 —,—  —,10
风险评估报告应当包括处理的重要数据的种类、数量，开,、，,2
展数据处理活动的情况，面临的数据安全风险及其应对措施,，,5
等。,。,1
第三十一条,,6
关键信息基础设施的运营者在中华人民共,,0
和国境内运营中收集和产生的重要数据的出境安全管理，适,，,5
用《中华人民共和国网络安全法》的规定；其他数据处理者,《》；,3
在中华人民共和国境内运营中收集和产生的重要数据的出,,0
境安全管理办法，由国家网信部门会同国务院有关部门制,，,5
定。,。,1
第三十二条,,6
任何组织、个人收集数据，应当采取合法、,、，、,7
正当的方式，不得窃取或者以其他非法方式获取数据。,，。,8
法律、行政法规对收集、使用数据的目的、范围有规定的，,、、、，,2
应当在法律、行政法规规定的目的和范围内收集、使用数据。,、、。,2
第三十三条,,6
从事数据交易中介服务的机构提供服务，应,，,5
当要求数据提供方说明数据来源，审核交易双方的身份，并,，，,11
留存审核、交易记录。,、。,2
第三十四条,,6
法律、行政法规规定提供数据处理相关服务,、,4
应当取得行政许可的，服务提供者应当依法取得许可。,，。,8
第三十五条,,6
公安机关、国家安全机关因依法维护国家安,、,4
全或者侦查犯罪的需要调取数据，应当按照国家有关规定，,，，,11
经过严格的批准手续，依法进行，有关组织、个人应当予以,，，、,8
配合。,。,1
— 9 —,—  —,10
第三十六条,,6
中华人民共和国主管机关根据有关法律和,,0
中华人民共和国缔结或者参加的国际条约、协定，或者按照,、，,2
平等互惠原则，处理外国司法或者执法机构关于提供数据的,，,5
请求。非经中华人民共和国主管机关批准，境内的组织、个,。，、,8
人不得向外国司法或者执法机构提供存储于中华人民共和,,0
国境内的数据。,。,1
第五章,,6
政务数据安全与开放,,0
第三十七条,,6
国家大力推进电子政务建设，提高政务数据,，,5
的科学性、准确性、时效性，提升运用数据服务经济社会发,、、，,2
展的能力。,。,1
第三十八条,,6
国家机关为履行法定职责的需要收集、使用,、,4
数据，应当在其履行法定职责的范围内依照法律、行政法规,，、,8
规定的条件和程序进行；对在履行职责中知悉的个人隐私、,；、,8
个人信息、商业秘密、保密商务信息等数据应当依法予以保,、、,7
密，不得泄露或者非法向他人提供。,，。,8
第三十九条,,6
国家机关应当依照法律、行政法规的规定，,、，,2
建立健全数据安全管理制度，落实数据安全保护责任，保障,，，,11
政务数据安全。,。,1
第四十条,,6
国家机关委托他人建设、维护电子政务系统，,、，,2
存储、加工政务数据，应当经过严格的批准程序，并应当监,、，，,2
— 10 —,—  —,10
督受托方履行相应的数据安全保护义务。受托方应当依照法,。,1
律、法规的规定和合同约定履行数据安全保护义务，不得擅,、，,2
自留存、使用、泄露或者向他人提供政务数据。,、、。,2
第四十一条,,6
国家机关应当遵循公正、公平、便民的原则，,、、，,2
按照规定及时、准确地公开政务数据。依法不予公开的除外。,、。。,2
第四十二条,,6
国家制定政务数据开放目录，构建统一规,，,5
范、互联互通、安全可控的政务数据开放平台，推动政务数,、、，,2
据开放利用。,。,1
第四十三条,,6
法律、法规授权的具有管理公共事务职能的,、,4
组织为履行法定职责开展数据处理活动，适用本章规定。,，。,8
第六章,,6
法律责任,,6
第四十四条,,6
有关主管部门在履行数据安全监管职责中，,，,5
发现数据处理活动存在较大安全风险的，可以按照规定的权,，,5
限和程序对有关组织、个人进行约谈，并要求有关组织、个,、，、,7
人采取措施进行整改，消除隐患。,，。,8
第四十五条,,6
开展数据处理活动的组织、个人不履行本法,、,4
第二十七条、第二十九条、第三十条规定的数据安全保护义,、、,7
务的，由有关主管部门责令改正，给予警告，可以并处五万,，，，,5
元以上五十万元以下罚款，对直接负责的主管人员和其他直,，,5
接责任人员可以处一万元以上十万元以下罚款；拒不改正或,；,0
— 11 —,—  —,10
者造成大量数据泄露等严重后果的，处五十万元以上二百万,，,5
元以下罚款，并可以责令暂停相关业务、停业整顿、吊销相,，、、,7
关业务许可证或者吊销营业执照，对直接负责的主管人员和,，,5
其他直接责任人员处五万元以上二十万元以下罚款。,。,1
违反国家核心数据管理制度，危害国家主权、安全和发展,，、,8
利益的，由有关主管部门处二百万元以上一千万元以下罚,，,5
款，并根据情况责令暂停相关业务、停业整顿、吊销相关业,，、、,7
务许可证或者吊销营业执照；构成犯罪的，依法追究刑事责,；，,11
任。,。,1
第四十六条,,6
违反本法第三十一条规定，向境外提供重要,，,5
数据的，由有关主管部门责令改正，给予警告，可以并处十,，，，,5
万元以上一百万元以下罚款，对直接负责的主管人员和其他,，,5
直接责任人员可以处一万元以上十万元以下罚款；情节严重,；,0
的，处一百万元以上一千万元以下罚款，并可以责令暂停相,，，,11
关业务、停业整顿、吊销相关业务许可证或者吊销营业执照，,、、，,2
对直接负责的主管人员和其他直接责任人员处十万元以上,,0
一百万元以下罚款。,。,1
第四十七条,,6
从事数据交易中介服务的机构未履行本法,,0
第三十三条规定的义务的，由有关主管部门责令改正，没收,，，,11
违法所得，处违法所得一倍以上十倍以下罚款，没有违法所,，，,11
得或者违法所得不足十万元的，处十万元以上一百万元以下,，,5
罚款，并可以责令暂停相关业务、停业整顿、吊销相关业务,，、、,7
— 12 —,—  —,10
许可证或者吊销营业执照；对直接负责的主管人员和其他直,；,0
接责任人员处一万元以上十万元以下罚款。,。,1
第四十八条,,6
违反本法第三十五条规定，拒不配合数据调,，,5
取的，由有关主管部门责令改正，给予警告，并处五万元以,，，，,5
上五十万元以下罚款，对直接负责的主管人员和其他直接责,，,5
任人员处一万元以上十万元以下罚款。,。,1
违反本法第三十六条规定，未经主管机关批准向外国司法,，,5
或者执法机构提供数据的，由有关主管部门给予警告，可以,，，,11
并处十万元以上一百万元以下罚款，对直接负责的主管人员,，,5
和其他直接责任人员可以处一万元以上十万元以下罚款；造,；,0
成严重后果的，处一百万元以上五百万元以下罚款，并可以,，，,11
责令暂停相关业务、停业整顿、吊销相关业务许可证或者吊,、、,7
销营业执照，对直接负责的主管人员和其他直接责任人员处,，,5
五万元以上五十万元以下罚款。,。,1
第四十九条,,6
国家机关不履行本法规定的数据安全保护,,0
义务的，对直接负责的主管人员和其他直接责任人员依法给,，,5
予处分。,。,1
第五十条,,6
履行数据安全监管职责的国家工作人员玩忽,,0
职守、滥用职权、徇私舞弊的，依法给予处分。,、、，。,2
第五十一条,,6
窃取或者以其他非法方式获取数据，开展数,，,5
据处理活动排除、限制竞争，或者损害个人、组织合法权益,、，、,7
的，依照有关法律、行政法规的规定处罚。,，、。,2
— 13 —,—  —,10
第五十二条,,6
违反本法规定，给他人造成损害的，依法承,，，,11
担民事责任。,。,1
违反本法规定，构成违反治安管理行为的，依法给予治安,，，,11
管理处罚；构成犯罪的，依法追究刑事责任。,；，。,2
第七章,,6
附则,,6
第五十三条,,6
开展涉及国家秘密的数据处理活动，适用,，,5
《中华人民共和国保守国家秘密法》等法律、行政法规的规,《》、,7
定。,。,1
在统计、档案工作中开展数据处理活动，开展涉及个人信,、，,2
息的数据处理活动，还应当遵守有关法律、行政法规的规定。,，、。,2
第五十四条,,6
军事数据安全保护的办法，由中央军事委员,，,5
会依据本法另行制定。,。,1
第五十五条,,6
本法自 2021 年 9 月 1 日起施行。,      。,1
《中华人民共和国网络安全法》,《》,3
2016 年 11 月,   ,6
中华人民共和国网络安全法,,0
《中华人民共和国网络安全法》,《》,3
2016 年 11 月 7 日，《中华人民共和国网络安全法》已由,     ，《》,2
中华人民共和国第十二届全国人民代表大会常务委员会第,,0
二十四次会议通过。,。,1
中华人民共和国主席令,,0
第五十三号,,6
《中华人民共和国网络安全法》已由中华人民共和国第,《》,2
十二届全国人民代表大会常务委员会第二十四次会议于,,0
2016 年 11 月 7 日通过，现予公布，自 2017 年 6 月 1 日起施,     ，，      ,11
行。,。,1
中华人民共和国主席习近平,,0
2016 年 11 月 7 日,     ,0
目 录, ,6
第一章,,6
总则-------------------------------------2,-------------------------------------,3
第二章,,6
网络安全支持与促进-----------------------5,-----------------------,3
第三章,,6
网络运行安全-----------------------------7,-----------------------------,3
第一节,,6
一般规定-----------------------------7,-----------------------------,3
第二节,,6
关键信息基础设施的运行安全-----------9,-----------,3
第四章,,6
网络信息安全-----------------------------13,-----------------------------,3
第五章,,6
监测预警与应急处置-----------------------16,-----------------------,3
第六章,,6
法律责任---------------------------------18,---------------------------------,3
第七章,,6
附则-------------------------------------24,-------------------------------------,3
中华人民共和国网络安全法,,0
第一章 总 则,  ,6
第一条,,6
为了保障网络安全，维护网络空间主权和国家,，,5
安全、社会公共利益，保护公民、法人和其他组织的合法权,、，、,7
益，促进经济社会信息化健康发展，制定本法。,，，。,8
第二条,,6
在中华人民共和国境内建设、运营、维护和使,、、,7
用网络，以及网络安全的监督管理，适用本法。,，，。,8
第三条,,6
国家坚持网络安全与信息化发展并重，遵循积,，,5
极利用、科学发展、依法管理、确保安全的方针，推进网络,、、、，,2
基础设施建设和互联互通，鼓励网络技术创新和应用，支持,，，,11
培养网络安全人才，建立健全网络安全保障体系，提高网络,，，,11
安全保护能力。,。,1
第四条,,6
国家制定并不断完善网络安全战略，明确保障,，,5
网络安全的基本要求和主要目标，提出重点领域的网络安全,，,5
政策、工作任务和措施。,、。,2
第五条,,6
国家采取措施，监测、防御、处置来源于中华,，、、,7
人民共和国境内外的网络安全风险和威胁，保护关键信息基,，,5
础设施免受攻击、侵入、干扰和破坏，依法惩治网络违法犯,、、，,2
罪活动，维护网络空间安全和秩序。,，。,8
第六条,,6
国家倡导诚实守信、健康文明的网络行为，推,、，,2
动传播社会主义核心价值观，采取措施提高全社会的网络安,，,5
全意识和水平，形成全社会共同参与促进网络安全的良好环,，,5
境。,。,1
中华人民共和国网络安全法,,0
3,,6
第七条,,6
国家积极开展网络空间治理、网络技术研发和,、,4
标准制定、打击网络违法犯罪等方面的国际交流与合作，推,、，,2
动构建和平、安全、开放、合作的网络空间，建立多边、民,、、、，、,7
主、透明的网络治理体系。,、。,2
第八条,,6
国家网信部门负责统筹协调网络安全工作和相,,0
关监督管理工作。国务院电信主管部门、公安部门和其他有,。、,7
关机关依照本法和有关法律、行政法规的规定，在各自职责,、，,2
范围内负责网络安全保护和监督管理工作。,。,1
县级以上地方人民政府有关部门的网络安全保护和监督,,0
管理职责，按照国家有关规定确定。,，。,8
第九条,,6
网络运营者开展经营和服务活动，必须遵守法,，,5
律、行政法规，尊重社会公德，遵守商业道德，诚实信用，,、，，，，,2
履行网络安全保护义务，接受政府和社会的监督，承担社会,，，,11
责任。,。,1
第十条,,6
建设、运营网络或者通过网络提供服务，应当,、，,2
依照法律、行政法规的规定和国家标准的强制性要求，采取,、，,2
技术措施和其他必要措施，保障网络安全、稳定运行，有效,，、，,2
应对网络安全事件，防范网络违法犯罪活动，维护网络数据,，，,11
的完整性、保密性和可用性。,、。,2
第十一条,,6
网络相关行业组织按照章程，加强行业自律，,，，,11
制定网络安全行为规范，指导会员加强网络安全保护，提高,，，,11
网络安全保护水平，促进行业健康发展。,，。,8
中华人民共和国网络安全法,,0
第十二条,,6
国家保护公民、法人和其他组织依法使用网,、,4
络的权利，促进网络接入普及，提升网络服务水平，为社会,，，，,5
提供安全、便利的网络服务，保障网络信息依法有序自由流,、，,2
动。,。,1
任何个人和组织使用网络应当遵守宪法法律，遵守公共,，,5
秩序，尊重社会公德，不得危害网络安全，不得利用网络从,，，，,5
事危害国家安全、荣誉和利益，煽动颠覆国家政权、推翻社,、，、,7
会主义制度，煽动分裂国家、破坏国家统一，宣扬恐怖主义、,，、，、,2
极端主义，宣扬民族仇恨、民族歧视，传播暴力、淫秽色情,，、，、,2
信息，编造、传播虚假信息扰乱经济秩序和社会秩序，以及,，、，,11
侵害他人名誉、隐私、知识产权和其他合法权益等活动。,、、。,2
第十三条,,6
国家支持研究开发有利于未成年人健康成长,,0
的网络产品和服务，依法惩治利用网络从事危害未成年人身,，,5
心健康的活动，为未成年人提供安全、健康的网络环境。,，、。,2
第十四条,,6
任何个人和组织有权对危害网络安全的行为,,0
向网信、电信、公安等部门举报。收到举报的部门应当及时,、、。,2
依法作出处理；不属于本部门职责的，应当及时移送有权处,；，,11
理的部门。,。,1
有关部门应当对举报人的相关信息予以保密，保护举报,，,5
人的合法权益。[1],。[],8
中华人民共和国网络安全法,,0
5,,6
第二章 网络安全支持与促进, ,0
第十五条 国家建立和完善网络安全标准体系。国务院标, 。,1
准化行政主管部门和国务院其他有关部门根据各自的职责，,，,5
组织制定并适时修订有关网络安全管理以及网络产品、服务,、,4
和运行安全的国家标准、行业标准。,、。,2
国家支持企业、研究机构、高等学校、网络相关行业组,、、、,7
织参与网络安全国家标准、行业标准的制定。,、。,2
第十六条,,6
国务院和省、自治区、直辖市人民政府应当,、、,7
统筹规划，加大投入，扶持重点网络安全技术产业和项目，,，，，,5
支持网络安全技术的研究开发和应用，推广安全可信的网络,，,5
产品和服务，保护网络技术知识产权，支持企业、研究机构,，，、,8
和高等学校等参与国家网络安全技术创新项目。,。,1
第十七条,,6
国家推进网络安全社会化服务体系建设，鼓,，,5
励有关企业、机构开展网络安全认证、检测和风险评估等安,、、,7
全服务。,。,1
第十八条,,6
国家鼓励开发网络数据安全保护和利用技术，,，,5
促进公共数据资源开放，推动技术创新和经济社会发展。,，。,8
国家支持创新网络安全管理方式，运用网络新技术，提,，，,11
升网络安全保护水平。,。,1
第十九条,,6
各级人民政府及其有关部门应当组织开展经,,0
常性的网络安全宣传教育，并指导、督促有关单位做好网络,，、,8
中华人民共和国网络安全法,,0
安全宣传教育工作。,。,1
大众传播媒介应当有针对性地面向社会进行网络安全宣,,0
传教育。,。,1
第二十条 国家支持企业和高等学校、职业学校等教育培, 、,4
训机构开展网络安全相关教育与培训，采取多种方式培养网,，,5
络安全人才，促进网络安全人才交流。[1],，。[],8
中华人民共和国网络安全法,,0
7,,6
第三章,,6
网络运行安全,,6
第一节 一般规定, ,6
第二十一条,,6
国家实行网络安全等级保护制度。网络运,。,1
营者应当按照网络安全等级保护制度的要求，履行下列安全,，,5
保护义务，保障网络免受干扰、破坏或者未经授权的访问，,，、，,11
防止网络数据泄露或者被窃取、篡改：,、：,7
（一）制定内部安全管理制度和操作规程，确定网络安,（），,3
全负责人，落实网络安全保护责任；,，；,3
（二）采取防范计算机病毒和网络攻击、网络侵入等危,（）、,7
害网络安全行为的技术措施；,；,0
（三）采取监测、记录网络运行状态、网络安全事件的,（）、、,7
技术措施，并按照规定留存相关的网络日志不少于六个月；,，；,3
（四）采取数据分类、重要数据备份和加密等措施；,（）、；,2
（五）法律、行政法规规定的其他义务。,（）、。,2
第二十二条,,6
网络产品、服务应当符合相关国家标准的,、,4
强制性要求。网络产品、服务的提供者不得设置恶意程序；,。、；,2
发现其网络产品、服务存在安全缺陷、漏洞等风险时，应当,、、，,2
立即采取补救措施，按照规定及时告知用户并向有关主管部,，,5
门报告。,。,1
网络产品、服务的提供者应当为其产品、服务持续提供,、、,7
安全维护；在规定或者当事人约定的期限内，不得终止提供,；，,11
中华人民共和国网络安全法,,0
安全维护。,。,1
网络产品、服务具有收集用户信息功能的，其提供者应,、，,2
当向用户明示并取得同意；涉及用户个人信息的，还应当遵,；，,11
守本法和有关法律、行政法规关于个人信息保护的规定。,、。,2
第二十三条,,6
网络关键设备和网络安全专用产品应当按,,0
照相关国家标准的强制性要求，由具备资格的机构安全认证,，,5
合格或者安全检测符合要求后，方可销售或者提供。国家网,，。,8
信部门会同国务院有关部门制定、公布网络关键设备和网络,、,4
安全专用产品目录，并推动安全认证和安全检测结果互认，,，，,11
避免重复认证、检测。,、。,2
第二十四条,,6
网络运营者为用户办理网络接入、域名注,、,4
册服务，办理固定电话、移动电话等入网手续，或者为用户,，、，,11
提供信息发布、即时通讯等服务，在与用户签订协议或者确,、，,2
认提供服务时，应当要求用户提供真实身份信息。用户不提,，。,8
供真实身份信息的，网络运营者不得为其提供相关服务。,，。,8
国家实施网络可信身份战略，支持研究开发安全、方便,，、,8
的电子身份认证技术，推动不同电子身份认证之间的互认。,，。,8
第二十五条,,6
网络运营者应当制定网络安全事件应急预,,0
案，及时处置系统漏洞、计算机病毒、网络攻击、网络侵入,，、、、,8
等安全风险；在发生危害网络安全的事件时，立即启动应急,；，,11
预案，采取相应的补救措施，并按照规定向有关主管部门报,，，,11
告。,。,1
第二十六条,,6
开展网络安全认证、检测、风险评估等活,、、,7
中华人民共和国网络安全法,,0
9,,6
动，向社会发布系统漏洞、计算机病毒、网络攻击、网络侵,，、、、,8
入等网络安全信息，应当遵守国家有关规定。,，。,8
第二十七条,,6
任何个人和组织不得从事非法侵入他人网,,0
络、干扰他人网络正常功能、窃取网络数据等危害网络安全,、、,7
的活动；不得提供专门用于从事侵入网络、干扰网络正常功,；、,8
能及防护措施、窃取网络数据等危害网络安全活动的程序、,、、,7
工具；明知他人从事危害网络安全的活动的，不得为其提供,；，,11
技术支持、广告推广、支付结算等帮助。,、、。,2
第二十八条,,6
网络运营者应当为公安机关、国家安全机,、,4
关依法维护国家安全和侦查犯罪的活动提供技术支持和协,,0
助。,。,1
第二十九条,,6
国家支持网络运营者之间在网络安全信息,,0
收集、分析、通报和应急处置等方面进行合作，提高网络运,、、，,2
营者的安全保障能力。,。,1
有关行业组织建立健全本行业的网络安全保护规范和协,,0
作机制，加强对网络安全风险的分析评估，定期向会员进行,，，,11
风险警示，支持、协助会员应对网络安全风险。[1],，、。[],2
第三十条,,6
网信部门和有关部门在履行网络安全保护职,,0
责中获取的信息，只能用于维护网络安全的需要，不得用于,，，,11
其他用途。,。,1
第二节,,6
关键信息基础设施的运行安全,,0
第三十一条,,6
国家对公共通信和信息服务、能源、交通、,、、、,7
中华人民共和国网络安全法,,0
水利、金融、公共服务、电子政务等重要行业和领域，以及,、、、，,2
其他一旦遭到破坏、丧失功能或者数据泄露，可能严重危害,、，,2
国家安全、国计民生、公共利益的关键信息基础设施，在网,、、，,2
络安全等级保护制度的基础上，实行重点保护。关键信息基,，。,8
础设施的具体范围和安全保护办法由国务院制定。,。,1
国家鼓励关键信息基础设施以外的网络运营者自愿参与,,0
关键信息基础设施保护体系。,。,1
第三十二条,,6
按照国务院规定的职责分工，负责关键信,，,5
息基础设施安全保护工作的部门分别编制并组织实施本行,,0
业、本领域的关键信息基础设施安全规划，指导和监督关键,、，,2
信息基础设施运行安全保护工作。,。,1
第三十三条,,6
建设关键信息基础设施应当确保其具有支,,0
持业务稳定、持续运行的性能，并保证安全技术措施同步规,、，,2
划、同步建设、同步使用。,、、。,2
第三十四条,,6
除本法第二十一条的规定外，关键信息基,，,5
础设施的运营者还应当履行下列安全保护义务：,：,3
（一）设置专门安全管理机构和安全管理负责人，并对,（），,3
该负责人和关键岗位的人员进行安全背景审查；,；,0
（二）定期对从业人员进行网络安全教育、技术培训和,（）、,7
技能考核；,；,0
（三）对重要系统和数据库进行容灾备份；,（）；,3
（四）制定网络安全事件应急预案，并定期进行演练；,（），；,3
（五）法律、行政法规规定的其他义务。,（）、。,2
中华人民共和国网络安全法,,0
11,,6
第三十五条,,6
关键信息基础设施的运营者采购网络产品,,0
和服务，可能影响国家安全的，应当通过国家网信部门会同,，，,11
国务院有关部门组织的国家安全审查。,。,1
第三十六条,,6
关键信息基础设施的运营者采购网络产品,,0
和服务，应当按照规定与提供者签订安全保密协议，明确安,，，,11
全和保密义务与责任。,。,1
第三十七条 关键信息基础设施的运营者在中华人民共, ,0
和国境内运营中收集和产生的个人信息和重要数据应当在,,0
境内存储。因业务需要，确需向境外提供的，应当按照国家,。，，,3
网信部门会同国务院有关部门制定的办法进行安全评估；法,；,0
律、行政法规另有规定的，依照其规定。,、，。,2
第三十八条,,6
关键信息基础设施的运营者应当自行或者,,0
委托网络安全服务机构对其网络的安全性和可能存在的风,,0
险每年至少进行一次检测评估，并将检测评估情况和改进措,，,5
施报送相关负责关键信息基础设施安全保护工作的部门。,。,1
第三十九条,,6
国家网信部门应当统筹协调有关部门对关,,0
键信息基础设施的安全保护采取下列措施：,：,3
（一）对关键信息基础设施的安全风险进行抽查检测，,（），,3
提出改进措施，必要时可以委托网络安全服务机构对网络存,，,5
在的安全风险进行检测评估；,；,0
（二）定期组织关键信息基础设施的运营者进行网络安,（）,9
全应急演练，提高应对网络安全事件的水平和协同配合能力；,，；,3
中华人民共和国网络安全法,,0
（三）促进有关部门、关键信息基础设施的运营者以及,（）、,7
有关研究机构、网络安全服务机构等之间的网络安全信息共,、,4
享；,；,0
（四）对网络安全事件的应急处置与网络功能的恢复等，,（），,3
提供技术支持和协助。[1],。[],8
中华人民共和国网络安全法,,0
13,,6
第四章,,6
网络信息安全,,0
第四十条,,6
网络运营者应当对其收集的用户信息严格保,,0
密，并建立健全用户信息保护制度。,，。,8
第四十一条,,6
网络运营者收集、使用个人信息，应当遵,、，,2
循合法、正当、必要的原则，公开收集、使用规则，明示收,、、，、，,2
集、使用信息的目的、方式和范围，并经被收集者同意。,、、，。,2
网络运营者不得收集与其提供的服务无关的个人信息，,，,5
不得违反法律、行政法规的规定和双方的约定收集、使用个,、、,7
人信息，并应当依照法律、行政法规的规定和与用户的约定，,，、，,2
处理其保存的个人信息。,。,1
第四十二条,,6
网络运营者不得泄露、篡改、毁损其收集,、、,7
的个人信息；未经被收集者同意，不得向他人提供个人信息。,；，。,2
但是，经过处理无法识别特定个人且不能复原的除外。,，。,8
网络运营者应当采取技术措施和其他必要措施，确保其,，,5
收集的个人信息安全，防止信息泄露、毁损、丢失。在发生,，、、。,2
或者可能发生个人信息泄露、毁损、丢失的情况时，应当立,、、，,2
即采取补救措施，按照规定及时告知用户并向有关主管部门,，,5
报告。,。,1
第四十三条,,6
个人发现网络运营者违反法律、行政法规,、,4
的规定或者双方的约定收集、使用其个人信息的，有权要求,、，,2
网络运营者删除其个人信息；发现网络运营者收集、存储的,；、,8
中华人民共和国网络安全法,,0
其个人信息有错误的，有权要求网络运营者予以更正。网络,，。,8
运营者应当采取措施予以删除或者更正。,。,1
第四十四条,,6
任何个人和组织不得窃取或者以其他非法,,0
方式获取个人信息，不得非法出售或者非法向他人提供个人,，,5
信息。,。,1
第四十五条,,6
依法负有网络安全监督管理职责的部门及,,0
其工作人员，必须对在履行职责中知悉的个人信息、隐私和,，、,8
商业秘密严格保密，不得泄露、出售或者非法向他人提供。,，、。,2
第四十六条,,6
任何个人和组织应当对其使用网络的行为,,0
负责，不得设立用于实施诈骗，传授犯罪方法，制作或者销,，，，,11
售违禁物品、管制物品等违法犯罪活动的网站、通讯群组，,、、，,2
不得利用网络发布涉及实施诈骗，制作或者销售违禁物品、,，、,8
管制物品以及其他违法犯罪活动的信息。,。,1
第四十七条,,6
网络运营者应当加强对其用户发布的信息,,0
的管理，发现法律、行政法规禁止发布或者传输的信息的，,，、，,11
应当立即停止传输该信息，采取消除等处置措施，防止信息,，，,11
扩散，保存有关记录，并向有关主管部门报告。,，，。,8
第四十八条,,6
任何个人和组织发送的电子信息、提供的,、,4
应用软件，不得设置恶意程序，不得含有法律、行政法规禁,，，、,8
止发布或者传输的信息。,。,1
电子信息发送服务提供者和应用软件下载服务提供者，,，,5
应当履行安全管理义务，知道其用户有前款规定行为的，应,，，,11
当停止提供服务，采取消除等处置措施，保存有关记录，并,，，，,5
中华人民共和国网络安全法,,0
15,,6
向有关主管部门报告。,。,1
第四十九条,,6
网络运营者应当建立网络信息安全投诉、,、,4
举报制度，公布投诉、举报方式等信息，及时受理并处理有,，、，,2
关网络信息安全的投诉和举报。,。,1
网络运营者对网信部门和有关部门依法实施的监督检查，,，,5
应当予以配合。,。,1
第五十条,,6
国家网信部门和有关部门依法履行网络信息,,0
安全监督管理职责，发现法律、行政法规禁止发布或者传输,，、,8
的信息的，应当要求网络运营者停止传输，采取消除等处置,，，,11
措施，保存有关记录；对来源于中华人民共和国境外的上述,，；,3
信息，应当通知有关机构采取技术措施和其他必要措施阻断,，,5
传播。,。,1
中华人民共和国网络安全法,,0
第五章,,6
监测预警与应急处置,,0
第五十一条,,6
国家建立网络安全监测预警和信息通报,,0
制度。国家网信部门应当统筹协调有关部门加强网络安全信,。,1
息收集、分析和通报工作，按照规定统一发布网络安全监测,、，,2
预警信息。,。,1
第五十二条,,6
负责关键信息基础设施安全保护工作的,,0
部门，应当建立健全本行业、本领域的网络安全监测预警和,，、,8
信息通报制度，并按照规定报送网络安全监测预警信息。,，。,8
第五十三条,,6
国家网信部门协调有关部门建立健全网,,0
络安全风险评估和应急工作机制，制定网络安全事件应急预,，,5
案，并定期组织演练。,，。,8
负责关键信息基础设施安全保护工作的部门应当制定本,,0
行业、本领域的网络安全事件应急预案，并定期组织演练。,、，。,2
网络安全事件应急预案应当按照事件发生后的危害程度、,、,4
影响范围等因素对网络安全事件进行分级，并规定相应的应,，,5
急处置措施。,。,1
第五十四条,,6
网络安全事件发生的风险增大时，省级以,，,5
上人民政府有关部门应当按照规定的权限和程序，并根据网,，,5
络安全风险的特点和可能造成的危害，采取下列措施：,，：,11
（一）要求有关部门、机构和人员及时收集、报告有关,（）、、,7
信息，加强对网络安全风险的监测；,，；,3
中华人民共和国网络安全法,,0
17,,6
（二）组织有关部门、机构和专业人员，对网络安全风,（）、，,3
险信息进行分析评估，预测事件发生的可能性、影响范围和,，、,8
危害程度；,；,0
（三）向社会发布网络安全风险预警，发布避免、减轻,（），、,3
危害的措施。,。,1
第五十五条,,6
发生网络安全事件，应当立即启动网络安,，,5
全事件应急预案，对网络安全事件进行调查和评估，要求网,，，,11
络运营者采取技术措施和其他必要措施，消除安全隐患，防,，，,11
止危害扩大，并及时向社会发布与公众有关的警示信息。,，。,8
第五十六条,,6
省级以上人民政府有关部门在履行网络,,0
安全监督管理职责中，发现网络存在较大安全风险或者发生,，,5
安全事件的，可以按照规定的权限和程序对该网络的运营者,，,5
的法定代表人或者主要负责人进行约谈。网络运营者应当按,。,1
照要求采取措施，进行整改，消除隐患。,，，。,8
第五十七条,,6
因网络安全事件，发生突发事件或者生产,，,5
安全事故的，应当依照《中华人民共和国突发事件应对法》、,，《》、,8
《中华人民共和国安全生产法》等有关法律、行政法规的规,《》、,7
定处置。,。,1
第五十八条,,6
因维护国家安全和社会公共秩序，处置重,，,5
大突发社会安全事件的需要，经国务院决定或者批准，可以,，，,11
在特定区域对网络通信采取限制等临时措施。,。,1
中华人民共和国网络安全法,,0
第六章 法律责任, ,6
第五十九条,,6
网络运营者不履行本法第二十一条、第二,、,4
十五条规定的网络安全保护义务的，由有关主管部门责令改,，,5
正，给予警告；拒不改正或者导致危害网络安全等后果的，,，；，,11
处一万元以上十万元以下罚款，对直接负责的主管人员处五,，,5
千元以上五万元以下罚款。,。,1
关键信息基础设施的运营者不履行本法第三十三条、第,、,4
三十四条、第三十六条、第三十八条规定的网络安全保护义,、、,7
务的，由有关主管部门责令改正，给予警告；拒不改正或者,，，；,11
导致危害网络安全等后果的，处十万元以上一百万元以下罚,，,5
款，对直接负责的主管人员处一万元以上十万元以下罚款。,，。,8
第六十条,,6
违反本法第二十二条第一款、第二款和第四,、,4
十八条第一款规定，有下列行为之一的，由有关主管部门责,，，,11
令改正，给予警告；拒不改正或者导致危害网络安全等后果,，；,11
的，处五万元以上五十万元以下罚款，对直接负责的主管人,，，,11
员处一万元以上十万元以下罚款：,：,3
（一）设置恶意程序的；,（）；,3
（二）对其产品、服务存在的安全缺陷、漏洞等风险未,（）、、,7
立即采取补救措施，或者未按照规定及时告知用户并向有关,，,5
主管部门报告的；,；,0
（三）擅自终止为其产品、服务提供安全维护的。,（）、。,2
中华人民共和国网络安全法,,0
19,,6
第六十一条,,6
网络运营者违反本法第二十四条第一款,,0
规定，未要求用户提供真实身份信息，或者对不提供真实身,，，,11
份信息的用户提供相关服务的，由有关主管部门责令改正；,，；,3
拒不改正或者情节严重的，处五万元以上五十万元以下罚款，,，，,11
并可以由有关主管部门责令暂停相关业务、停业整顿、关闭,、、,7
网站、吊销相关业务许可证或者吊销营业执照，对直接负责,、，,2
的主管人员和其他直接责任人员处一万元以上十万元以下,,0
罚款。,。,1
第六十二条,,6
违反本法第二十六条规定，开展网络安全,，,5
认证、检测、风险评估等活动，或者向社会发布系统漏洞、,、、，、,7
计算机病毒、网络攻击、网络侵入等网络安全信息的，由有,、、，,2
关主管部门责令改正，给予警告；拒不改正或者情节严重的，,，；，,11
处一万元以上十万元以下罚款，并可以由有关主管部门责令,，,5
暂停相关业务、停业整顿、关闭网站、吊销相关业务许可证,、、、,7
或者吊销营业执照，对直接负责的主管人员和其他直接责任,，,5
人员处五千元以上五万元以下罚款。,。,1
第六十三条,,6
违反本法第二十七条规定，从事危害网络,，,5
安全的活动，或者提供专门用于从事危害网络安全活动的程,，,5
序、工具，或者为他人从事危害网络安全的活动提供技术支,、，,2
持、广告推广、支付结算等帮助，尚不构成犯罪的，由公安,、、，，,2
机关没收违法所得，处五日以下拘留，可以并处五万元以上,，，,11
中华人民共和国网络安全法,,0
五十万元以下罚款；情节较重的，处五日以上十五日以下拘,；，,11
留，可以并处十万元以上一百万元以下罚款。,，。,8
单位有前款行为的，由公安机关没收违法所得，处十万,，，,11
元以上一百万元以下罚款，并对直接负责的主管人员和其他,，,5
直接责任人员依照前款规定处罚。,。,1
违反本法第二十七条规定，受到治安管理处罚的人员，,，，,11
五年内不得从事网络安全管理和网络运营关键岗位的工作；,；,0
受到刑事处罚的人员，终身不得从事网络安全管理和网络运,，,5
营关键岗位的工作。,。,1
第六十四条,,6
网络运营者、网络产品或者服务的提供者,、,4
违反本法第二十二条第三款、第四十一条至第四十三条规定，,、，,2
侵害个人信息依法得到保护的权利的，由有关主管部门责令,，,5
改正，可以根据情节单处或者并处警告、没收违法所得、处,，、、,7
违法所得一倍以上十倍以下罚款，没有违法所得的，处一百,，，,11
万元以下罚款，对直接负责的主管人员和其他直接责任人员,，,5
处一万元以上十万元以下罚款；情节严重的，并可以责令暂,；，,11
停相关业务、停业整顿、关闭网站、吊销相关业务许可证或,、、、,7
者吊销营业执照。,。,1
违反本法第四十四条规定，窃取或者以其他非法方式获,，,5
取、非法出售或者非法向他人提供个人信息，尚不构成犯罪,、，,2
的，由公安机关没收违法所得，并处违法所得一倍以上十倍,，，,11
以下罚款，没有违法所得的，处一百万元以下罚款。,，，。,8
第六十五条,,6
关键信息基础设施的运营者违反本法第,,0
中华人民共和国网络安全法,,0
21,,6
三十五条规定，使用未经安全审查或者安全审查未通过的网,，,5
络产品或者服务的，由有关主管部门责令停止使用，处采购,，，,11
金额一倍以上十倍以下罚款；对直接负责的主管人员和其他,；,0
直接责任人员处一万元以上十万元以下罚款。,。,1
第六十六条,,6
关键信息基础设施的运营者违反本法第,,0
三十七条规定，在境外存储网络数据，或者向境外提供网络,，，,11
数据的，由有关主管部门责令改正，给予警告，没收违法所,，，，,5
得，处五万元以上五十万元以下罚款，并可以责令暂停相关,，，,11
业务、停业整顿、关闭网站、吊销相关业务许可证或者吊销,、、、,7
营业执照；对直接负责的主管人员和其他直接责任人员处一,；,0
万元以上十万元以下罚款。,。,1
第六十七条,,6
违反本法第四十六条规定，设立用于实施,，,5
违法犯罪活动的网站、通讯群组，或者利用网络发布涉及实,、，,2
施违法犯罪活动的信息，尚不构成犯罪的，由公安机关处五,，，,11
日以下拘留，可以并处一万元以上十万元以下罚款；情节较,，；,3
重的，处五日以上十五日以下拘留，可以并处五万元以上五,，，,11
十万元以下罚款。关闭用于实施违法犯罪活动的网站、通讯,。、,7
群组。,。,1
单位有前款行为的，由公安机关处十万元以上五十万元,，,5
以下罚款，并对直接负责的主管人员和其他直接责任人员依,，,5
照前款规定处罚。,。,1
第六十八条,,6
网络运营者违反本法第四十七条规定，对,，,5
中华人民共和国网络安全法,,0
法律、行政法规禁止发布或者传输的信息未停止传输、采取,、、,7
消除等处置措施、保存有关记录的，由有关主管部门责令改,、，,2
正，给予警告，没收违法所得；拒不改正或者情节严重的，,，，；，,11
处十万元以上五十万元以下罚款，并可以责令暂停相关业务、,，、,8
停业整顿、关闭网站、吊销相关业务许可证或者吊销营业执,、、,7
照，对直接负责的主管人员和其他直接责任人员处一万元以,，,5
上十万元以下罚款。,。,1
电子信息发送服务提供者、应用软件下载服务提供者，,、，,2
不履行本法第四十八条第二款规定的安全管理义务的，依照,，,5
前款规定处罚。,。,1
第六十九条,,6
网络运营者违反本法规定，有下列行为之,，,5
一的，由有关主管部门责令改正；拒不改正或者情节严重的，,，；，,11
处五万元以上五十万元以下罚款，对直接负责的主管人员和,，,5
其他直接责任人员，处一万元以上十万元以下罚款：,，：,11
（一）不按照有关部门的要求对法律、行政法规禁止发,（）、,8
布或者传输的信息，采取停止传输、消除等处置措施的；,，、；,2
（二）拒绝、阻碍有关部门依法实施的监督检查的；,（）、；,3
（三）拒不向公安机关、国家安全机关提供技术支持和,（）、,7
协助的。,。,1
第七十条,,6
发布或者传输本法第十二条第二款和其他,,0
法律、行政法规禁止发布或者传输的信息的，依照有关法律、,、，、,7
行政法规的规定处罚。,。,1
第七十一条,,6
有本法规定的违法行为的，依照有关法律、,，、,8
中华人民共和国网络安全法,,0
23,,6
行政法规的规定记入信用档案，并予以公示。,，。,8
第七十二条,,6
国家机关政务网络的运营者不履行本法,,0
规定的网络安全保护义务的，由其上级机关或者有关机关责,，,5
令改正；对直接负责的主管人员和其他直接责任人员依法给,；,0
予处分。,。,1
第七十三条,,6
网信部门和有关部门违反本法第三十条,,0
规定，将在履行网络安全保护职责中获取的信息用于其他用,，,5
途的，对直接负责的主管人员和其他直接责任人员依法给予,，,5
处分。,。,1
网信部门和有关部门的工作人员玩忽职守、滥用职权、,、、,7
徇私舞弊，尚不构成犯罪的，依法给予处分。,，，。,8
第七十四条,,6
违反本法规定，给他人造成损害的，依法,，，,11
承担民事责任。,。,1
违反本法规定，构成违反治安管理行为的，依法给予治,，，,11
安管理处罚；构成犯罪的，依法追究刑事责任。,；，。,2
第七十五条,,6
境外的机构、组织、个人从事攻击、侵入、,、、、、,7
干扰、破坏等危害中华人民共和国的关键信息基础设施的活,、,4
动，造成严重后果的，依法追究法律责任；国务院公安部门,，，；,11
和有关部门并可以决定对该机构、组织、个人采取冻结财产,、、,7
或者其他必要的制裁措施。,。,1
中华人民共和国网络安全法,,0
中华人民共和国网络安全法,,0
25,,6
第七章 附则, ,6
第七十六条,,6
本法下列用语的含义：,：,3
（一）网络，是指由计算机或者其他信息终端及相关设,（），,3
备组成的按照一定的规则和程序对信息进行收集、存储、传,、、,7
输、交换、处理的系统。,、、。,2
（二）网络安全，是指通过采取必要措施，防范对网络,（），，,3
的攻击、侵入、干扰、破坏和非法使用以及意外事故，使网,、、、，,2
络处于稳定可靠运行的状态，以及保障网络数据的完整性、,，、,8
保密性、可用性的能力。,、。,2
（三）网络运营者，是指网络的所有者、管理者和网络,（），、,3
服务提供者。,。,1
（四）网络数据，是指通过网络收集、存储、传输、处,（），、、、,7
理和产生的各种电子数据。,。,1
（五）个人信息，是指以电子或者其他方式记录的能够,（），,3
单独或者与其他信息结合识别自然人个人身份的各种信息，,，,5
包括但不限于自然人的姓名、出生日期、身份证件号码、个,、、、,7
人生物识别信息、住址、电话号码等。,、、。,2
第七十七条,,6
存储、处理涉及国家秘密信息的网络的运,、,4
行安全保护，除应当遵守本法外，还应当遵守保密法律、行,，，、,8
政法规的规定。[1],。[],8
第七十八条,,6
军事网络的安全保护，由中央军事委员会,，,5
中华人民共和国网络安全法,,0
另行规定。,。,1
第七十九条,,6
本法自 2017 年 6 月 1 日起施行。,      。,1
— 1 —,—  —,10
中华人民共和国个人信息保护法,,0
（2021 年 8 月 20 日中华人民共和国主席令第 91 号公布,（       ,3
自 2021 年 11 月 1 日起施行）,      ）,0
目,,6
录,,6
第一章,,6
总,,6
则,,6
第二章,,6
个人信息处理规则,,0
第一节,,6
一般规定,,6
第二节,,6
敏感个人信息的处理规则,,0
第三节,,6
国家机关处理个人信息的特别规定,,0
第三章,,6
个人信息跨境提供的规则,,0
第四章,,6
个人在个人信息处理活动中的权利,,0
第五章,,6
个人信息处理者的义务,,0
第六章,,6
履行个人信息保护职责的部门,,0
第七章,,6
法律责任,,6
第八章,,6
附,,6
则,,6
第一章,,6
总,,6
则,,6
第一条,,6
为了保护个人信息权益，规范个人信息处理活动，,，，,11
促进个人信息合理利用，根据宪法，制定本法。,，，。,8
第二条,,6
自然人的个人信息受法律保护，任何组织、个人不,，、,8
得侵害自然人的个人信息权益。,。,1
— 2 —,—  —,10
第三条,,6
在中华人民共和国境内处理自然人个人信息的活,,0
动，适用本法。,，。,8
在中华人民共和国境外处理中华人民共和国境内自然人个,,0
人信息的活动，有下列情形之一的，也适用本法：,，，：,11
（一）以向境内自然人提供产品或者服务为目的；,（）；,3
（二）分析、评估境内自然人的行为；,（）、；,3
（三）法律、行政法规规定的其他情形。,（）、。,2
第四条,,6
个人信息是以电子或者其他方式记录的与已识别,,0
或者可识别的自然人有关的各种信息，不包括匿名化处理后的信,，,5
息。,。,1
个人信息的处理包括个人信息的收集、存储、使用、加工、,、、、、,7
传输、提供、公开、删除等。,、、、。,2
第五条,,6
处理个人信息应当遵循合法、正当、必要和诚信原,、、,7
则，不得通过误导、欺诈、胁迫等方式处理个人信息。,，、、。,2
第六条,,6
处理个人信息应当具有明确、合理的目的，并应当,、，,2
与处理目的直接相关，采取对个人权益影响最小的方式。,，。,8
收集个人信息，应当限于实现处理目的的最小范围，不得过,，，,11
度收集个人信息。,。,1
第七条,,6
处理个人信息应当遵循公开、透明原则，公开个人,、，,2
信息处理规则，明示处理的目的、方式和范围。,，、。,2
第八条,,6
处理个人信息应当保证个人信息的质量，避免因个,，,5
人信息不准确、不完整对个人权益造成不利影响。,、。,2
第九条,,6
个人信息处理者应当对其个人信息处理活动负责，,，,5
并采取必要措施保障所处理的个人信息的安全。,。,1
— 3 —,—  —,10
第十条,,6
任何组织、个人不得非法收集、使用、加工、传输,、、、、,7
他人个人信息，不得非法买卖、提供或者公开他人个人信息；不,，、；,2
得从事危害国家安全、公共利益的个人信息处理活动。,、。,2
第十一条,,6
国家建立健全个人信息保护制度，预防和惩治侵,，,5
害个人信息权益的行为，加强个人信息保护宣传教育，推动形成,，，,11
政府、企业、相关社会组织、公众共同参与个人信息保护的良好,、、、,7
环境。,。,1
第十二条,,6
国家积极参与个人信息保护国际规则的制定，促,，,5
进个人信息保护方面的国际交流与合作，推动与其他国家、地区、,，、、,7
国际组织之间的个人信息保护规则、标准等互认。,、。,2
第二章,,6
个人信息处理规则,,0
第一节,,6
一般规定,,6
第十三条,,6
符合下列情形之一的，个人信息处理者方可处理,，,5
个人信息：,：,3
（一）取得个人的同意；,（）；,3
（二）为订立、履行个人作为一方当事人的合同所必需，或,（）、，,3
者按照依法制定的劳动规章制度和依法签订的集体合同实施人,,0
力资源管理所必需；,；,0
（三）为履行法定职责或者法定义务所必需；,（）；,3
（四）为应对突发公共卫生事件，或者紧急情况下为保护自,（），,3
然人的生命健康和财产安全所必需；,；,0
（五）为公共利益实施新闻报道、舆论监督等行为，在合理,（）、，,2
的范围内处理个人信息；,；,0
— 4 —,—  —,10
（六）依照本法规定在合理的范围内处理个人自行公开或者,（）,9
其他已经合法公开的个人信息；,；,0
（七）法律、行政法规规定的其他情形。,（）、。,2
依照本法其他有关规定，处理个人信息应当取得个人同意，,，，,11
但是有前款第二项至第七项规定情形的，不需取得个人同意。,，。,8
第十四条,,6
基于个人同意处理个人信息的，该同意应当由个,，,5
人在充分知情的前提下自愿、明确作出。法律、行政法规规定处,、。、,7
理个人信息应当取得个人单独同意或者书面同意的，从其规定。,，。,8
个人信息的处理目的、处理方式和处理的个人信息种类发生,、,4
变更的，应当重新取得个人同意。,，。,8
第十五条,,6
基于个人同意处理个人信息的，个人有权撤回其,，,5
同意。个人信息处理者应当提供便捷的撤回同意的方式。,。。,8
个人撤回同意，不影响撤回前基于个人同意已进行的个人信,，,5
息处理活动的效力。,。,1
第十六条,,6
个人信息处理者不得以个人不同意处理其个人,,0
信息或者撤回同意为由，拒绝提供产品或者服务；处理个人信息,，；,3
属于提供产品或者服务所必需的除外。,。,1
第十七条,,6
个人信息处理者在处理个人信息前，应当以显著,，,5
方式、清晰易懂的语言真实、准确、完整地向个人告知下列事项：,、、、：,7
（一）个人信息处理者的名称或者姓名和联系方式；,（）；,3
（二）个人信息的处理目的、处理方式，处理的个人信息种,（）、，,3
类、保存期限；,、；,2
（三）个人行使本法规定权利的方式和程序；,（）；,3
（四）法律、行政法规规定应当告知的其他事项。,（）、。,2
前款规定事项发生变更的，应当将变更部分告知个人。,，。,8
— 5 —,—  —,10
个人信息处理者通过制定个人信息处理规则的方式告知第,,0
一款规定事项的，处理规则应当公开，并且便于查阅和保存。,，，。,8
第十八条,,6
个人信息处理者处理个人信息，有法律、行政法,，、,8
规规定应当保密或者不需要告知的情形的，可以不向个人告知前,，,5
条第一款规定的事项。,。,1
紧急情况下为保护自然人的生命健康和财产安全无法及时,,0
向个人告知的，个人信息处理者应当在紧急情况消除后及时告,，,5
知。,。,1
第十九条,,6
除法律、行政法规另有规定外，个人信息的保存,、，,2
期限应当为实现处理目的所必要的最短时间。,。,1
第二十条,,6
两个以上的个人信息处理者共同决定个人信息,,0
的处理目的和处理方式的，应当约定各自的权利和义务。但是，,，。，,11
该约定不影响个人向其中任何一个个人信息处理者要求行使本,,0
法规定的权利。,。,1
个人信息处理者共同处理个人信息，侵害个人信息权益造成,，,5
损害的，应当依法承担连带责任。,，。,8
第二十一条,,6
个人信息处理者委托处理个人信息的，应当与,，,5
受托人约定委托处理的目的、期限、处理方式、个人信息的种类、,、、、、,7
保护措施以及双方的权利和义务等，并对受托人的个人信息处理,，,5
活动进行监督。,。,1
受托人应当按照约定处理个人信息，不得超出约定的处理目,，,5
的、处理方式等处理个人信息；委托合同不生效、无效、被撤销,、；、、,7
或者终止的，受托人应当将个人信息返还个人信息处理者或者予,，,5
以删除，不得保留。,，。,8
— 6 —,—  —,10
未经个人信息处理者同意，受托人不得转委托他人处理个人,，,5
信息。,。,1
第二十二条,,6
个人信息处理者因合并、分立、解散、被宣告,、、、,7
破产等原因需要转移个人信息的，应当向个人告知接收方的名称,，,5
或者姓名和联系方式。接收方应当继续履行个人信息处理者的义,。,1
务。接收方变更原先的处理目的、处理方式的，应当依照本法规,。、，,2
定重新取得个人同意。,。,1
第二十三条,,6
个人信息处理者向其他个人信息处理者提供,,0
其处理的个人信息的，应当向个人告知接收方的名称或者姓名、,，、,8
联系方式、处理目的、处理方式和个人信息的种类，并取得个人,、、，,2
的单独同意。接收方应当在上述处理目的、处理方式和个人信息,。、,7
的种类等范围内处理个人信息。接收方变更原先的处理目的、处,。、,7
理方式的，应当依照本法规定重新取得个人同意。,，。,8
第二十四条,,6
个人信息处理者利用个人信息进行自动化决,,0
策，应当保证决策的透明度和结果公平、公正，不得对个人在交,，、，,11
易价格等交易条件上实行不合理的差别待遇。,。,1
通过自动化决策方式向个人进行信息推送、商业营销，应当,、，,2
同时提供不针对其个人特征的选项，或者向个人提供便捷的拒绝,，,5
方式。,。,1
通过自动化决策方式作出对个人权益有重大影响的决定，个,，,5
人有权要求个人信息处理者予以说明，并有权拒绝个人信息处理,，,5
者仅通过自动化决策的方式作出决定。,。,1
第二十五条,,6
个人信息处理者不得公开其处理的个人信息，,，,5
取得个人单独同意的除外。,。,1
— 7 —,—  —,10
第二十六条,,6
在公共场所安装图像采集、个人身份识别设,、,4
备，应当为维护公共安全所必需，遵守国家有关规定，并设置显,，，，,5
著的提示标识。所收集的个人图像、身份识别信息只能用于维护,。、,7
公共安全的目的，不得用于其他目的；取得个人单独同意的除外。,，；。,8
第二十七条,,6
个人信息处理者可以在合理的范围内处理个,,0
人自行公开或者其他已经合法公开的个人信息；个人明确拒绝的,；,0
除外。个人信息处理者处理已公开的个人信息，对个人权益有重,。，,3
大影响的，应当依照本法规定取得个人同意。,，。,8
第二节,,6
敏感个人信息的处理规则,,0
第二十八条,,6
敏感个人信息是一旦泄露或者非法使用，容易,，,5
导致自然人的人格尊严受到侵害或者人身、财产安全受到危害的,、,4
个人信息，包括生物识别、宗教信仰、特定身份、医疗健康、金,，、、、、,7
融账户、行踪轨迹等信息，以及不满十四周岁未成年人的个人信,、，,2
息。,。,1
只有在具有特定的目的和充分的必要性，并采取严格保护措,，,5
施的情形下，个人信息处理者方可处理敏感个人信息。,，。,8
第二十九条,,6
处理敏感个人信息应当取得个人的单独同意；,；,0
法律、行政法规规定处理敏感个人信息应当取得书面同意的，从,、，,2
其规定。,。,1
第三十条,,6
个人信息处理者处理敏感个人信息的，除本法第,，,5
十七条第一款规定的事项外，还应当向个人告知处理敏感个人信,，,5
息的必要性以及对个人权益的影响；依照本法规定可以不向个人,；,0
告知的除外。,。,1
第三十一条,,6
个人信息处理者处理不满十四周岁未成年人,,0
个人信息的，应当取得未成年人的父母或者其他监护人的同意。,，。,8
— 8 —,—  —,10
个人信息处理者处理不满十四周岁未成年人个人信息的，应,，,5
当制定专门的个人信息处理规则。,。,1
第三十二条,,6
法律、行政法规对处理敏感个人信息规定应当,、,4
取得相关行政许可或者作出其他限制的，从其规定。,，。,8
第三节,,6
国家机关处理个人信息的特别规定,,0
第三十三条,,6
国家机关处理个人信息的活动，适用本法；本,，；,3
节有特别规定的，适用本节规定。,，。,8
第三十四条,,6
国家机关为履行法定职责处理个人信息，应当,，,5
依照法律、行政法规规定的权限、程序进行，不得超出履行法定,、、，,2
职责所必需的范围和限度。,。,1
第三十五条,,6
国家机关为履行法定职责处理个人信息，应当,，,5
依照本法规定履行告知义务；有本法第十八条第一款规定的情,；,0
形，或者告知将妨碍国家机关履行法定职责的除外。,，。,8
第三十六条,,6
国家机关处理的个人信息应当在中华人民共,,0
和国境内存储；确需向境外提供的，应当进行安全评估。安全评,；，。,2
估可以要求有关部门提供支持与协助。,。,1
第三十七条,,6
法律、法规授权的具有管理公共事务职能的组,、,4
织为履行法定职责处理个人信息，适用本法关于国家机关处理个,，,5
人信息的规定。,。,1
第三章,,6
个人信息跨境提供的规则,,0
第三十八条,,6
个人信息处理者因业务等需要，确需向中华人,，,5
民共和国境外提供个人信息的，应当具备下列条件之一：,，：,11
— 9 —,—  —,10
（一）依照本法第四十条的规定通过国家网信部门组织的安,（）,9
全评估；,；,0
（二）按照国家网信部门的规定经专业机构进行个人信息保,（）,9
护认证；,；,0
（三）按照国家网信部门制定的标准合同与境外接收方订立,（）,9
合同，约定双方的权利和义务；,，；,3
（四）法律、行政法规或者国家网信部门规定的其他条件。,（）、。,2
中华人民共和国缔结或者参加的国际条约、协定对向中华人,、,4
民共和国境外提供个人信息的条件等有规定的，可以按照其规定,，,5
执行。,。,1
个人信息处理者应当采取必要措施，保障境外接收方处理个,，,5
人信息的活动达到本法规定的个人信息保护标准。,。,1
第三十九条,,6
个人信息处理者向中华人民共和国境外提供,,0
个人信息的，应当向个人告知境外接收方的名称或者姓名、联系,，、,8
方式、处理目的、处理方式、个人信息的种类以及个人向境外接,、、、,7
收方行使本法规定权利的方式和程序等事项，并取得个人的单独,，,5
同意。,。,1
第四十条,,6
关键信息基础设施运营者和处理个人信息达到,,0
国家网信部门规定数量的个人信息处理者，应当将在中华人民共,，,5
和国境内收集和产生的个人信息存储在境内。确需向境外提供,。,1
的，应当通过国家网信部门组织的安全评估；法律、行政法规和,，；、,3
国家网信部门规定可以不进行安全评估的，从其规定。,，。,8
第四十一条,,6
中华人民共和国主管机关根据有关法律和中,,0
华人民共和国缔结或者参加的国际条约、协定，或者按照平等互,、，,2
惠原则，处理外国司法或者执法机构关于提供存储于境内个人信,，,5
— 10 —,—  —,10
息的请求。非经中华人民共和国主管机关批准，个人信息处理者,。，,3
不得向外国司法或者执法机构提供存储于中华人民共和国境内,,0
的个人信息。,。,1
第四十二条,,6
境外的组织、个人从事侵害中华人民共和国公,、,4
民的个人信息权益，或者危害中华人民共和国国家安全、公共利,，、,8
益的个人信息处理活动的，国家网信部门可以将其列入限制或者,，,5
禁止个人信息提供清单，予以公告，并采取限制或者禁止向其提,，，,11
供个人信息等措施。,。,1
第四十三条,,6
任何国家或者地区在个人信息保护方面对中,,0
华人民共和国采取歧视性的禁止、限制或者其他类似措施的，中,、，,2
华人民共和国可以根据实际情况对该国家或者地区对等采取措,,0
施。,。,1
第四章,,6
个人在个人信息处理活动中的权利,,0
第四十四条,,6
个人对其个人信息的处理享有知情权、决定,、,4
权，有权限制或者拒绝他人对其个人信息进行处理；法律、行政,，；、,3
法规另有规定的除外。,。,1
第四十五条,,6
个人有权向个人信息处理者查阅、复制其个人,、,4
信息；有本法第十八条第一款、第三十五条规定情形的除外。,；、。,2
个人请求查阅、复制其个人信息的，个人信息处理者应当及,、，,2
时提供。,。,1
个人请求将个人信息转移至其指定的个人信息处理者，符合,，,5
国家网信部门规定条件的，个人信息处理者应当提供转移的途,，,5
径。,。,1
— 11 —,—  —,10
第四十六条,,6
个人发现其个人信息不准确或者不完整的，有,，,5
权请求个人信息处理者更正、补充。,、。,2
个人请求更正、补充其个人信息的，个人信息处理者应当对,、，,2
其个人信息予以核实，并及时更正、补充。,，、。,2
第四十七条,,6
有下列情形之一的，个人信息处理者应当主动,，,5
删除个人信息；个人信息处理者未删除的，个人有权请求删除：,；，：,11
（一）处理目的已实现、无法实现或者为实现处理目的不再,（）、,7
必要；,；,0
（二）个人信息处理者停止提供产品或者服务，或者保存期,（），,3
限已届满；,；,0
（三）个人撤回同意；,（）；,3
（四）个人信息处理者违反法律、行政法规或者违反约定处,（）、,7
理个人信息；,；,0
（五）法律、行政法规规定的其他情形。,（）、。,2
法律、行政法规规定的保存期限未届满，或者删除个人信息,、，,2
从技术上难以实现的，个人信息处理者应当停止除存储和采取必,，,5
要的安全保护措施之外的处理。,。,1
第四十八条,,6
个人有权要求个人信息处理者对其个人信息,,0
处理规则进行解释说明。,。,1
第四十九条,,6
自然人死亡的，其近亲属为了自身的合法、正,，、,8
当利益，可以对死者的相关个人信息行使本章规定的查阅、复制、,，、、,7
更正、删除等权利；死者生前另有安排的除外。,、；。,2
第五十条,,6
个人信息处理者应当建立便捷的个人行使权利,,0
的申请受理和处理机制。拒绝个人行使权利的请求的，应当说明,。，,3
理由。,。,1
— 12 —,—  —,10
个人信息处理者拒绝个人行使权利的请求的，个人可以依法,，,5
向人民法院提起诉讼。,。,1
第五章,,6
个人信息处理者的义务,,0
第五十一条,,6
个人信息处理者应当根据个人信息的处理目,,0
的、处理方式、个人信息的种类以及对个人权益的影响、可能存,、、、,7
在的安全风险等，采取下列措施确保个人信息处理活动符合法,，,5
律、行政法规的规定，并防止未经授权的访问以及个人信息泄露、,、，、,7
篡改、丢失：,、：,1
（一）制定内部管理制度和操作规程；,（）；,3
（二）对个人信息实行分类管理；,（）；,3
（三）采取相应的加密、去标识化等安全技术措施；,（）、；,2
（四）合理确定个人信息处理的操作权限，并定期对从业人,（），,3
员进行安全教育和培训；,；,0
（五）制定并组织实施个人信息安全事件应急预案；,（）；,3
（六）法律、行政法规规定的其他措施。,（）、。,2
第五十二条,,6
处理个人信息达到国家网信部门规定数量的,,0
个人信息处理者应当指定个人信息保护负责人，负责对个人信息,，,5
处理活动以及采取的保护措施等进行监督。,。,1
个人信息处理者应当公开个人信息保护负责人的联系方式，,，,5
并将个人信息保护负责人的姓名、联系方式等报送履行个人信息,、,4
保护职责的部门。,。,1
第五十三条,,6
本法第三条第二款规定的中华人民共和国境,,0
外的个人信息处理者，应当在中华人民共和国境内设立专门机构,，,5
— 13 —,—  —,10
或者指定代表，负责处理个人信息保护相关事务，并将有关机构,，，,11
的名称或者代表的姓名、联系方式等报送履行个人信息保护职责,、,4
的部门。,。,1
第五十四条,,6
个人信息处理者应当定期对其处理个人信息,,0
遵守法律、行政法规的情况进行合规审计。,、。,2
第五十五条,,6
有下列情形之一的，个人信息处理者应当事前,，,5
进行个人信息保护影响评估，并对处理情况进行记录：,，：,11
（一）处理敏感个人信息；,（）；,3
（二）利用个人信息进行自动化决策；,（）；,3
（三）委托处理个人信息、向其他个人信息处理者提供个人,（）、,7
信息、公开个人信息；,、；,2
（四）向境外提供个人信息；,（）；,3
（五）其他对个人权益有重大影响的个人信息处理活动。,（）。,8
第五十六条,,6
个人信息保护影响评估应当包括下列内容：,：,3
（一）个人信息的处理目的、处理方式等是否合法、正当、,（）、、、,7
必要；,；,0
（二）对个人权益的影响及安全风险；,（）；,3
（三）所采取的保护措施是否合法、有效并与风险程度相适,（）、,7
应。,。,1
个人信息保护影响评估报告和处理情况记录应当至少保存,,0
三年。,。,1
第五十七条,,6
发生或者可能发生个人信息泄露、篡改、丢失,、、,7
的，个人信息处理者应当立即采取补救措施，并通知履行个人信,，，,11
息保护职责的部门和个人。通知应当包括下列事项：,。：,8
— 14 —,—  —,10
（一）发生或者可能发生个人信息泄露、篡改、丢失的信息,（）、、,7
种类、原因和可能造成的危害；,、；,2
（二）个人信息处理者采取的补救措施和个人可以采取的减,（）,9
轻危害的措施；,；,0
（三）个人信息处理者的联系方式。,（）。,8
个人信息处理者采取措施能够有效避免信息泄露、篡改、丢,、、,7
失造成危害的，个人信息处理者可以不通知个人；履行个人信息,，；,3
保护职责的部门认为可能造成危害的，有权要求个人信息处理者,，,5
通知个人。,。,1
第五十八条,,6
提供重要互联网平台服务、用户数量巨大、业,、、,7
务类型复杂的个人信息处理者，应当履行下列义务：,，：,11
（一）按照国家规定建立健全个人信息保护合规制度体系，,（），,3
成立主要由外部成员组成的独立机构对个人信息保护情况进行,,0
监督；,；,0
（二）遵循公开、公平、公正的原则，制定平台规则，明确,（）、、，，,3
平台内产品或者服务提供者处理个人信息的规范和保护个人信,,0
息的义务；,；,0
（三）对严重违反法律、行政法规处理个人信息的平台内的,（）、,7
产品或者服务提供者，停止提供服务；,，；,3
（四）定期发布个人信息保护社会责任报告，接受社会监督。,（），。,2
第五十九条,,6
接受委托处理个人信息的受托人，应当依照本,，,5
法和有关法律、行政法规的规定，采取必要措施保障所处理的个,、，,2
人信息的安全，并协助个人信息处理者履行本法规定的义务。,，。,8
— 15 —,—  —,10
第六章,,6
履行个人信息保护职责的部门,,0
第六十条,,6
国家网信部门负责统筹协调个人信息保护工作,,0
和相关监督管理工作。国务院有关部门依照本法和有关法律、行,。、,4
政法规的规定，在各自职责范围内负责个人信息保护和监督管理,，,5
工作。,。,1
县级以上地方人民政府有关部门的个人信息保护和监督管,,0
理职责，按照国家有关规定确定。,，。,8
前两款规定的部门统称为履行个人信息保护职责的部门。,。,1
第六十一条,,6
履行个人信息保护职责的部门履行下列个人,,0
信息保护职责：,：,3
（一）开展个人信息保护宣传教育，指导、监督个人信息处,（），、,3
理者开展个人信息保护工作；,；,0
（二）接受、处理与个人信息保护有关的投诉、举报；,（）、、；,3
（三）组织对应用程序等个人信息保护情况进行测评，并公,（），,3
布测评结果；,；,0
（四）调查、处理违法个人信息处理活动；,（）、；,2
（五）法律、行政法规规定的其他职责。,（）、。,2
第六十二条,,6
国家网信部门统筹协调有关部门依据本法推,,0
进下列个人信息保护工作：,：,3
（一）制定个人信息保护具体规则、标准；,（）、；,3
（二）针对小型个人信息处理者、处理敏感个人信息以及人,（）、,7
脸识别、人工智能等新技术、新应用，制定专门的个人信息保护,、、，,2
规则、标准；,、；,2
— 16 —,—  —,10
（三）支持研究开发和推广应用安全、方便的电子身份认证,（）、,7
技术，推进网络身份认证公共服务建设；,，；,3
（四）推进个人信息保护社会化服务体系建设，支持有关机,（），,3
构开展个人信息保护评估、认证服务；,、；,2
（五）完善个人信息保护投诉、举报工作机制。,（）、。,2
第六十三条,,6
履行个人信息保护职责的部门履行个人信息,,0
保护职责，可以采取下列措施：,，：,11
（一）询问有关当事人，调查与个人信息处理活动有关的情,（），,3
况;,;,0
（二）查阅、复制当事人与个人信息处理活动有关的合同、,（）、、,7
记录、账簿以及其他有关资料;,、;,2
（三）实施现场检查，对涉嫌违法的个人信息处理活动进行,（），,3
调查;,;,0
（四）检查与个人信息处理活动有关的设备、物品;对有证,（）、;,2
据证明是用于违法个人信息处理活动的设备、物品，向本部门主,、，,2
要负责人书面报告并经批准，可以查封或者扣押。,，。,8
履行个人信息保护职责的部门依法履行职责，当事人应当予,，,5
以协助、配合，不得拒绝、阻挠。,、，、。,2
第六十四条,,6
履行个人信息保护职责的部门在履行职责中，,，,5
发现个人信息处理活动存在较大风险或者发生个人信息安全事,,0
件的，可以按照规定的权限和程序对该个人信息处理者的法定代,，,5
表人或者主要负责人进行约谈，或者要求个人信息处理者委托专,，,5
业机构对其个人信息处理活动进行合规审计。个人信息处理者应,。,1
当按照要求采取措施，进行整改，消除隐患。,，，。,8
— 17 —,—  —,10
履行个人信息保护职责的部门在履行职责中，发现违法处理,，,5
个人信息涉嫌犯罪的，应当及时移送公安机关依法处理。,，。,8
第六十五条,,6
任何组织、个人有权对违法个人信息处理活动,、,4
向履行个人信息保护职责的部门进行投诉、举报。收到投诉、举,、。、,7
报的部门应当依法及时处理，并将处理结果告知投诉、举报人。,，、。,2
履行个人信息保护职责的部门应当公布接受投诉、举报的联,、,4
系方式。,。,1
第七章,,6
法律责任,,6
第六十六条,,6
违反本法规定处理个人信息，或者处理个人信,，,5
息未履行本法规定的个人信息保护义务的，由履行个人信息保护,，,5
职责的部门责令改正，给予警告，没收违法所得，对违法处理个,，，，,5
人信息的应用程序，责令暂停或者终止提供服务；拒不改正的，,，；，,11
并处一百万元以下罚款；对直接负责的主管人员和其他直接责任,；,0
人员处一万元以上十万元以下罚款。,。,1
有前款规定的违法行为，情节严重的，由省级以上履行个人,，，,11
信息保护职责的部门责令改正，没收违法所得，并处五千万元以,，，,11
下或者上一年度营业额百分之五以下罚款，并可以责令暂停相关,，,5
业务或者停业整顿、通报有关主管部门吊销相关业务许可或者吊,、,4
销营业执照；对直接负责的主管人员和其他直接责任人员处十万,；,0
元以上一百万元以下罚款，并可以决定禁止其在一定期限内担任,，,5
相关企业的董事、监事、高级管理人员和个人信息保护负责人。,、、。,2
第六十七条,,6
有本法规定的违法行为的，依照有关法律、行,，、,8
政法规的规定记入信用档案，并予以公示。,，。,8
— 18 —,—  —,10
第六十八条,,6
国家机关不履行本法规定的个人信息保护义,,0
务的，由其上级机关或者履行个人信息保护职责的部门责令改,，,5
正；对直接负责的主管人员和其他直接责任人员依法给予处分。,；。,8
履行个人信息保护职责的部门的工作人员玩忽职守、滥用职,、,4
权、徇私舞弊，尚不构成犯罪的，依法给予处分。,、，，。,2
第六十九条,,6
处理个人信息侵害个人信息权益造成损害，个,，,5
人信息处理者不能证明自己没有过错的，应当承担损害赔偿等侵,，,5
权责任。,。,1
前款规定的损害赔偿责任按照个人因此受到的损失或者个,,0
人信息处理者因此获得的利益确定;个人因此受到的损失和个人,;,0
信息处理者因此获得的利益难以确定的，根据实际情况确定赔偿,，,5
数额。,。,1
第七十条,,6
个人信息处理者违反本法规定处理个人信息，侵,，,5
害众多个人的权益的，人民检察院、法律规定的消费者组织和由,，、,8
国家网信部门确定的组织可以依法向人民法院提起诉讼。,。,1
第七十一条,,6
违反本法规定，构成违反治安管理行为的，依,，，,11
法给予治安管理处罚；构成犯罪的，依法追究刑事责任。,；，。,2
第八章,,6
附,,6
则,,6
第七十二条,,6
自然人因个人或者家庭事务处理个人信息的，,，,5
不适用本法。,。,1
法律对各级人民政府及其有关部门组织实施的统计、档案管,、,4
理活动中的个人信息处理有规定的，适用其规定。,，。,8
第七十三条,,6
本法下列用语的含义：,：,3
— 19 —,—  —,10
（一）个人信息处理者，是指在个人信息处理活动中自主决,（），,3
定处理目的、处理方式的组织、个人。,、、。,2
（二）自动化决策，是指通过计算机程序自动分析、评估个,（），、,3
人的行为习惯、兴趣爱好或者经济、健康、信用状况等，并进行,、、、，,2
决策的活动。,。,1
（三）去标识化，是指个人信息经过处理，使其在不借助额,（），，,3
外信息的情况下无法识别特定自然人的过程。,。,1
（四）匿名化，是指个人信息经过处理无法识别特定自然人,（），,3
且不能复原的过程。,。,1
第七十四条,,6
本法自 2021 年 11 月 1 日起施行。,      。,1
